"","ID","logFC","AveExpr","t","P.Value","adj.P.Val","B"
"40","GOBP_LIPID_MODIFICATION",-0.424265139979052,-0.0402293228121665,-13.8922652947147,1.33860646395852e-37,4.93945785200693e-35,74.6005057851519
"52","GOBP_LIPID_OXIDATION",-0.472823560390115,-0.0259458913445332,-11.6581203566608,4.2820655446305e-28,6.57945314787102e-26,53.0063580401767
"218","HP_MULTIPLE_LIPOMAS",-0.482806922095026,-0.026459127513149,-11.6342599401025,5.34914890070815e-28,6.57945314787102e-26,52.7869975918338
"150","HP_NEOPLASM_OF_FATTY_TISSUE",-0.460281205126897,-0.0338314917757277,-11.5702002962125,9.70849092912468e-28,7.53397203969754e-26,52.1993736549576
"156","GOBP_FATTY_ACID_BETA_OXIDATION",-0.526985532257973,-0.0219286834088301,-11.5647923221247,1.02086342001322e-27,7.53397203969754e-26,52.1498534809741
"186","GOBP_REGULATION_OF_FATTY_ACID_OXIDATION",-0.483487379778053,-0.0349259315159598,-11.1592922315038,4.24249086796712e-26,2.60913188379978e-24,48.4763921100586
"171","GOBP_FATTY_ACID_BETA_OXIDATION_USING_ACYL_COA_DEHYDROGENASE",-0.697203329015617,-0.0391949361339565,-11.1142489342128,6.38695367942583e-26,3.36683701101162e-24,48.073265834543
"125","GOMF_LIPID_BINDING",-0.310046186974013,-0.0224443544439379,-11.0845148037257,8.36261065673776e-26,3.85725416542029e-24,47.8077033991356
"201","GOBP_FATTY_ACID_TRANSMEMBRANE_TRANSPORT",-0.399482823520941,-0.0323633044541961,-10.9657411492986,2.44338038647252e-25,1.00178595845373e-23,46.7513117742607
"122","GOMF_PHOSPHOLIPID_BINDING",-0.312991819993418,-0.0283999154283714,-10.6732802185065,3.32180393443402e-24,1.22574565180615e-22,44.1806952566789
"333","GOBP_NEGATIVE_REGULATION_OF_CHOLESTEROL_STORAGE",-0.661808742888517,-0.0415815397792637,-10.6392393045405,4.48798966306873e-24,1.50551653242942e-22,43.884366366351
"21","GOBP_GLYCOSPHINGOLIPID_BIOSYNTHETIC_PROCESS",-0.48484922743641,-0.0223312469685592,-10.5271683847455,1.20340939613434e-23,3.70048389311311e-22,42.9130943967902
"161","GOBP_FATTY_ACID_TRANSPORT",-0.315164066913708,-0.0241091798302322,-10.5094967422901,1.40506456863981e-23,3.95368089958402e-22,42.7605496631412
"82","GOBP_REGULATION_OF_PHOSPHOLIPID_TRANSLOCATION",-0.735012936981493,-0.0351779254358486,-10.5020300605405,1.50004153371752e-23,3.95368089958402e-22,42.6961459972104
"208","GOMF_LONG_CHAIN_FATTY_ACID_TRANSPORTER_ACTIVITY",-0.535779156212591,-0.0273969765628992,-10.3625194561798,5.064052597296e-23,1.24575693893482e-21,41.498303810657
"180","GOBP_VERY_LONG_CHAIN_FATTY_ACID_CATABOLIC_PROCESS",-0.728921224478228,-0.0397196603421401,-10.3312016567631,6.64493232183531e-23,1.53248751672327e-21,41.230854052261
"212","GOMF_MEDIUM_CHAIN_FATTY_ACID_COA_LIGASE_ACTIVITY",-0.632626006917013,0.0148276318863739,-10.2736551671079,1.09320219298035e-22,2.37289181888088e-21,40.7408091214514
"32","GOBP_LIPID_CATABOLIC_PROCESS",-0.32617661878377,-0.0112846750467865,-10.1729772090873,2.60060969750218e-22,5.14765709766717e-21,39.8878474090474
"162","GOBP_LONG_CHAIN_FATTY_ACID_TRANSPORT",-0.360958271981431,-0.0222807528860871,-10.1656513459856,2.76928682912379e-22,5.14765709766717e-21,39.8260000741433
"283","GOBP_CELLULAR_RESPONSE_TO_OXIDISED_LOW_DENSITY_LIPOPROTEIN_PARTICLE_STIMULUS",-0.644702462599678,-0.0178516553027083,-10.1647800207318,2.79005804751608e-22,5.14765709766717e-21,39.8186460434182
"158","GOBP_FATTY_ACID_CATABOLIC_PROCESS",-0.445650126850434,-0.0180019056634087,-10.0685131128709,6.35391984682895e-22,1.11647448737137e-20,39.0087540206175
"55","GOBP_CELLULAR_LIPID_CATABOLIC_PROCESS",-0.358836010998493,-0.0137620897256628,-9.97711050991898,1.38145077375909e-21,2.31706970689593e-20,38.2445993447179
"14","GOBP_LIPID_METABOLIC_PROCESS",-0.277417169377729,-0.0222327416894094,-9.90735865192027,2.49092964321699e-21,3.99631755803074e-20,37.6646370351327
"67","GOBP_LIPID_PHOSPHORYLATION",-0.371973907694307,-0.0284911464372481,-9.81248579695354,5.52930498577063e-21,8.22625632445736e-20,36.8802705245417
"169","GOBP_NEGATIVE_REGULATION_OF_FATTY_ACID_BETA_OXIDATION",-0.682174405667142,-0.0213676875009338,-9.8115388518955,5.57334439326379e-21,8.22625632445736e-20,36.8724677214361
"69","GOBP_PHOSPHOLIPID_DEPHOSPHORYLATION",-0.404966587488393,-0.0241264171795549,-9.73682449476674,1.0405172751074e-20,1.47673413274858e-19,36.258460662668
"130","GOMF_LIPID_PHOSPHATASE_ACTIVITY",-0.53938668454405,-0.0232299182723476,-9.73176422705798,1.08533094258882e-20,1.48328562153806e-19,36.2169923478229
"56","GOBP_CELLULAR_LIPID_METABOLIC_PROCESS",-0.279990354440846,-0.0210053385761229,-9.70883507310868,1.31359427871587e-20,1.73112960302198e-19,36.029277687083
"172","GOBP_FATTY_ACID_BETA_OXIDATION_USING_ACYL_COA_OXIDASE",-0.599182316200454,-0.020294740520727,-9.69724858543248,1.44644283715394e-20,1.84047381693035e-19,35.9345390848468
"331","GOBP_CHOLESTEROL_STORAGE",-0.492428659776844,-0.0271064361715864,-9.63200681169562,2.48464271164902e-20,3.0561105353283e-19,35.4025491852198
"188","GOBP_NEGATIVE_REGULATION_OF_FATTY_ACID_OXIDATION",-0.513847624036373,-0.0342821079329042,-9.59356545220373,3.41351985360562e-20,4.06318976122734e-19,35.0902662883217
"286","GOBP_POSITIVE_REGULATION_OF_LAMELLIPODIUM_ORGANIZATION",-0.408116647556655,-0.0144312970459261,-9.54804905411618,4.96639945394832e-20,5.72687937033416e-19,34.7216391348998
"113","GOBP_POSITIVE_REGULATION_OF_LIPID_LOCALIZATION",-0.323140408071331,-0.0159221742192387,-9.53184890727794,5.67376664930398e-20,6.34430270785809e-19,34.5907346372182
"20","GOBP_GLYCOSPHINGOLIPID_METABOLIC_PROCESS",-0.378714167543087,-0.0231933126756565,-9.51891471870079,6.30949357304847e-20,6.84765626016143e-19,34.4863327471306
"151","GOBP_VERY_LONG_CHAIN_FATTY_ACID_METABOLIC_PROCESS",-0.418073403793596,-0.028297942496369,-9.42674341737158,1.34100141198117e-19,1.41379863148872e-18,33.7452432554535
"121","GOMF_LIPID_TRANSPORTER_ACTIVITY",-0.294181099617774,-0.0206974248190973,-9.37949099885657,1.96987936364663e-19,2.00555256236733e-18,33.3672978520385
"249","GOBP_POSITIVE_REGULATION_OF_LIPOPOLYSACCHARIDE_MEDIATED_SIGNALING_PATHWAY",-0.745215888947578,-0.0140226772342554,-9.37694851695833,2.01098766416236e-19,2.00555256236733e-18,33.3470002264171
"209","GOMF_FATTY_ACID_BINDING",-0.409311732936295,-0.00217154967780407,-9.30157209358109,3.70312239236831e-19,3.59592674416818e-18,32.7470231127789
"233","GOBP_REGULATION_OF_LAMELLIPODIUM_ASSEMBLY",-0.399902367933698,-0.0154080936546857,-9.29137510899661,4.02091362398289e-19,3.80440289038381e-18,32.6661233280115
"189","GOBP_SHORT_CHAIN_FATTY_ACID_METABOLIC_PROCESS",-0.567612368725004,-0.0152510383424453,-9.27995071675254,4.4091310375627e-19,4.06742338215159e-18,32.5755611061726
"18","GOBP_GLYCEROPHOSPHOLIPID_METABOLIC_PROCESS",-0.270611380053079,-0.0382552583498574,-9.27411899131452,4.62139097911283e-19,4.15925188120155e-18,32.5293632402948
"166","GOBP_SHORT_CHAIN_FATTY_ACID_CATABOLIC_PROCESS",-0.665128172207159,-0.0212181977525726,-9.18807573720342,9.22591342060888e-19,7.81786667183727e-18,31.8501696751449
"74","GOBP_INOSITOL_LIPID_MEDIATED_SIGNALING",-0.340770961012115,-0.017844542911793,-9.18544462433566,9.42235427948428e-19,7.81786667183727e-18,31.8294724616648
"83","GOBP_POSITIVE_REGULATION_OF_PHOSPHOLIPID_TRANSLOCATION",-0.726742955801209,-0.0290036487809464,-9.1850503961972,9.45214235277188e-19,7.81786667183727e-18,31.826371699572
"27","GOBP_REGULATION_OF_LIPID_STORAGE",-0.362962093338993,-0.0169768691369258,-9.18397357411778,9.53398374614302e-19,7.81786667183727e-18,31.8179025520942
"282","GOBP_LAMELLIPODIUM_ORGANIZATION",-0.3244179842023,-0.0220356777725244,-9.13903556719671,1.3653713860879e-18,1.09526530753573e-17,31.4651071152857
"41","GOBP_LIPID_GLYCOSYLATION",-0.549017000861677,-0.0108420710786174,-9.1356424789506,1.40283345059479e-18,1.10137349631804e-17,31.4385197574142
"168","GOBP_REGULATION_OF_FATTY_ACID_BETA_OXIDATION",-0.469081068472555,-0.0270638557197403,-9.10071142931985,1.85287281686492e-18,1.42439597796491e-17,31.1652250614327
"42","GOBP_INTRACELLULAR_LIPID_TRANSPORT",-0.357673634919354,-0.0312413814186801,-9.06750400137576,2.41223519273347e-18,1.81656078799724e-17,30.9061204268195
"352","GOBP_REGULATION_OF_SEQUESTERING_OF_TRIGLYCERIDE",-0.467777547382541,-0.00667586656178474,-9.00344833057128,4.00488948397052e-18,2.95560843917024e-17,30.4082681348689
"26","GOBP_LIPID_LOCALIZATION",-0.251428375937146,-0.0196091381824075,-8.99198617227962,4.38400742156968e-18,3.17195831090042e-17,30.3194539656784
"154","GOBP_FATTY_ACID_METABOLIC_PROCESS",-0.289319050600467,-0.00841275096461284,-8.98101043118982,4.78026269147683e-18,3.39214794837491e-17,30.2344863416202
"187","GOBP_POSITIVE_REGULATION_OF_FATTY_ACID_OXIDATION",-0.490744858259764,-0.0283281780223738,-8.94543337635619,6.32472526024017e-18,4.40344079439362e-17,29.9595926538845
"39","GOBP_SPHINGOLIPID_BIOSYNTHETIC_PROCESS",-0.32388453538263,-0.0224520494711348,-8.93072823431849,7.09901800082859e-18,4.85099563389953e-17,29.846204032871
"267","GOBP_LIPOPROTEIN_LOCALIZATION",-0.480619506845317,-0.0194141798850021,-8.9271967889148,7.29851737275206e-18,4.89664165553729e-17,29.8189941122401
"17","GOBP_PHOSPHOLIPID_METABOLIC_PROCESS",-0.255757605151868,-0.0358618866285412,-8.85861021607668,1.24832106088674e-17,8.22554413334299e-17,29.2921032809665
"29","GOBP_NEGATIVE_REGULATION_OF_LIPID_STORAGE",-0.424886411821827,-0.0212873530158798,-8.79172779548479,2.10080079014458e-17,1.35999209046202e-16,28.7811955431282
"234","GOBP_POSITIVE_REGULATION_OF_LAMELLIPODIUM_ASSEMBLY",-0.404424914437595,-0.00703765916235474,-8.78762012833246,2.16884444995823e-17,1.37983379661136e-16,28.7499110008712
"28","GOBP_POSITIVE_REGULATION_OF_LIPID_STORAGE",-0.409893407758536,-0.0140110275850631,-8.67818656547,5.05030995664487e-17,3.15858368474908e-16,27.9204577364075
"229","HP_LIPOMA",-0.411711192625882,-0.0185967208182766,-8.66909606924921,5.41579154493601e-17,3.33071180013565e-16,27.8519050797731
"284","GOBP_REGULATION_OF_LAMELLIPODIUM_ORGANIZATION",-0.347242867559616,-0.0122126528726043,-8.64819527889675,6.35829827513221e-17,3.84624928446522e-16,27.6944933049635
"153","GOBP_LONG_CHAIN_FATTY_ACID_METABOLIC_PROCESS",-0.297427494630501,-0.00839327694977994,-8.64435130387529,6.54851208404475e-17,3.89742090163309e-16,27.6655738462319
"271","GOBP_REGULATION_OF_LIPOPROTEIN_LIPASE_ACTIVITY",-0.419643849923241,-0.00422941368313914,-8.60155521130542,9.08633221015348e-17,5.32199458023275e-16,27.3442564962171
"33","GOBP_PLASMA_MEMBRANE_PHOSPHOLIPID_SCRAMBLING",-0.400203410221589,-0.0219109389496167,-8.57696049510249,1.09623617804735e-16,6.32048671405427e-16,27.160139058523
"87","GOBP_POSITIVE_REGULATION_OF_PHOSPHOLIPID_BIOSYNTHETIC_PROCESS",-0.52811347759555,0.0195847797810957,-8.56759243210677,1.17735769050956e-16,6.68376904304659e-16,27.0901135377064
"76","GOBP_NEGATIVE_REGULATION_OF_LIPID_CATABOLIC_PROCESS",-0.395148821662123,0.00634149139442324,-8.56311574508391,1.21819166026398e-16,6.8107988278395e-16,27.0566710090001
"65","GOBP_GLYCEROLIPID_METABOLIC_PROCESS",-0.246246476465344,-0.0214889408787827,-8.51254193565543,1.78896523484551e-16,9.85265927847749e-16,26.6797816560406
"38","GOBP_LIPID_STORAGE",-0.312524897965157,-0.00928133300683092,-8.48465316262788,2.20963868402708e-16,1.19905393294999e-15,26.4726689822692
"311","GOMF_APOLIPOPROTEIN_A_I_BINDING",0.58577086211123,0.0127217199727224,8.4643285746934,2.57646841161615e-16,1.37785049838603e-15,26.3220550876705
"97","GOBP_REGULATION_OF_MEMBRANE_LIPID_DISTRIBUTION",-0.320589147455161,-0.0254270615939356,-8.43715489108812,3.16244481199815e-16,1.66706019375331e-15,26.121114576592
"288","GOBP_REGULATION_OF_LIPOPHAGY",-0.632390047403761,-0.0366051519320215,-8.43264575740267,3.27167935971153e-16,1.70035166723036e-15,26.0878184702742
"45","GOBP_POSITIVE_REGULATION_OF_LIPID_TRANSPORT",-0.295612108064717,-0.00900805028879443,-8.40690702653616,3.97046988935236e-16,2.03486581829308e-15,25.8980190242745
"107","GOBP_REGULATION_OF_PROTEIN_LIPIDATION",-0.548252160933704,-0.00582499600585353,-8.38856763050017,4.55647394959456e-16,2.303203955343e-15,25.7630523278209
"342","GOBP_POSITIVE_REGULATION_OF_CHOLESTEROL_METABOLIC_PROCESS",-0.494746800050902,0.0154352294680235,-8.37242538398754,5.14248948952355e-16,2.5642954346408e-15,25.6444411991385
"307","GOMF_HIGH_DENSITY_LIPOPROTEIN_PARTICLE_BINDING",0.485103663336449,0.0296215769367641,8.35945381795643,5.66686578300415e-16,2.78809796523804e-15,25.5492541336188
"245","GOBP_LAMELLIPODIUM_ASSEMBLY",-0.308582515758683,-0.0139766052652369,-8.35324267926716,5.93632591348565e-16,2.88224245010027e-15,25.5037158728357
"270","GOBP_NEGATIVE_REGULATION_OF_LIPOPROTEIN_METABOLIC_PROCESS",-0.575632501744556,0.0134625867996438,-8.34514929002895,6.30652001201445e-16,3.022215434329e-15,25.4444162977574
"63","GOBP_MEMBRANE_LIPID_BIOSYNTHETIC_PROCESS",-0.284027945423257,-0.025486585014956,-8.34083298972834,6.51318284938716e-16,3.08123650182546e-15,25.4128090936702
"19","GOBP_SPHINGOLIPID_METABOLIC_PROCESS",-0.285198717750275,-0.0256211048396685,-8.30362832227793,8.59557725208863e-16,4.01489621015279e-15,25.1408872808262
"34","GOBP_REGULATION_OF_LIPID_METABOLIC_PROCESS",-0.248093634003149,-0.0241052471195032,-8.2986015505355,8.9232467120193e-16,4.07467207600447e-15,25.1042189647527
"22","GOBP_LIPID_BIOSYNTHETIC_PROCESS",-0.23809932721894,-0.0136722521138579,-8.29828330280288,8.94440211805859e-16,4.07467207600447e-15,25.1018980460084
"287","GOBP_LIPOSACCHARIDE_METABOLIC_PROCESS",-0.309282162144542,-0.0174243615866934,-8.26194332052566,1.17163191638385e-15,5.27234362372733e-15,24.837326851673
"354","GOBP_NEGATIVE_REGULATION_OF_SEQUESTERING_OF_TRIGLYCERIDE",-0.581179465426499,-0.0425163165923424,-8.19615383315122,1.90575488667758e-15,8.47257292992805e-15,24.3606231256803
"111","GOBP_REGULATION_OF_LIPID_LOCALIZATION",-0.258823469172617,-0.00145617396508987,-8.18112442788417,2.12890209292206e-15,9.35196276533619e-15,24.252134013705
"273","GOBP_LIPOPHAGY",-0.528170761125485,-0.0466512061960158,-8.14617050080023,2.75258412888602e-15,1.19494534536346e-14,24.0004158638524
"24","GOBP_GLYCOLIPID_BIOSYNTHETIC_PROCESS",-0.308445767200365,-0.028328618481639,-8.14107107425723,2.8575238339804e-15,1.22607708690555e-14,23.9637624236425
"360","GOBP_SEQUESTERING_OF_TRIGLYCERIDE",-0.405745914506051,-0.0120758246397075,-8.12429607490635,3.23139063558446e-15,1.37055533854099e-14,23.843313249413
"148","HP_ABNORMAL_CIRCULATING_FATTY_ACID_ANION_CONCENTRATION",-0.456158993203495,-0.0123793409930005,-8.09273222330923,4.07045013134769e-15,1.70681374825829e-14,23.6171984607381
"12","GOBP_N_TERMINAL_PROTEIN_LIPIDATION",-0.530112324532276,-0.00100845903854324,-8.07869554997891,4.50953357324304e-15,1.8696830208165e-14,23.5168631761758
"43","GOBP_REGULATION_OF_LIPID_TRANSPORT",-0.253401603583268,-0.00239162585606534,-7.98681338206734,8.78853182465194e-15,3.6032980481073e-14,22.8634347292337
"250","GOBP_RESPONSE_TO_BACTERIAL_LIPOPROTEIN",-0.617185487140382,0.0107837489893406,-7.97098710491064,9.85321779818148e-15,3.99542567860326e-14,22.7514741205769
"280","GOBP_LAMELLIPODIUM_MORPHOGENESIS",-0.397092084258925,-0.0364035909702422,-7.93058398065461,1.31832522089071e-14,5.28763050552903e-14,22.4664373407859
"247","GOBP_REGULATION_OF_LIPOPOLYSACCHARIDE_MEDIATED_SIGNALING_PATHWAY",-0.423039080726057,-0.0124296708340807,-7.92658567332347,1.35677900807805e-14,5.38334896753549e-14,22.4382917691444
"31","GOBP_AMINOPHOSPHOLIPID_TRANSPORT",-0.550884191566737,-0.00779335946922949,-7.82632634705086,2.78004717317895e-14,1.09131639032237e-13,21.7361815490809
"275","GOBP_CELLULAR_RESPONSE_TO_BACTERIAL_LIPOPROTEIN",-0.670356893891376,0.00680606035772379,-7.80089859992656,3.33108761820392e-14,1.29386455907079e-13,21.5592335271919
"7","HP_INCREASED_MUSCLE_LIPID_CONTENT",-0.346997378132697,0.00289637229275726,-7.79808849024705,3.3982330702959e-14,1.30619583639499e-13,21.5397063179761
"104","GOBP_AMINOPHOSPHOLIPID_TRANSLOCATION",-0.551114844857703,-0.0117594723165428,-7.75842202075499,4.5013273380046e-14,1.69488753849357e-13,21.2646618533454
"126","GOMF_AMINOPHOSPHOLIPID_FLIPPASE_ACTIVITY",-0.551114844857703,-0.0117594723165428,-7.75842202075499,4.5013273380046e-14,1.69488753849357e-13,21.2646618533454
"202","GOBP_REGULATION_OF_FATTY_ACID_TRANSPORT",-0.291660963578512,0.0157640494412893,-7.74904725172978,4.8097804971359e-14,1.79273636711429e-13,21.1998203119826
"16","GOBP_MEMBRANE_LIPID_METABOLIC_PROCESS",-0.264016284290036,-0.0206095976633195,-7.72974322063422,5.51205198079991e-14,2.03394718091517e-13,21.0664980119566
"142","GOMF_ATPASE_COUPLED_INTRAMEMBRANE_LIPID_TRANSPORTER_ACTIVITY",-0.400420277404688,-0.0205676617078771,-7.70542190381764,6.54220242328229e-14,2.39017098434769e-13,20.8989002848113
"110","GOBP_POSITIVE_REGULATION_OF_PHOSPHOLIPID_METABOLIC_PROCESS",-0.399673732028796,0.00488618755160185,-7.69797620711372,6.89394881947187e-14,2.49398736704423e-13,20.8476761193126
"211","GOMF_FATTY_ACID_LIGASE_ACTIVITY",-0.337663534836418,0.0100650273929392,-7.63354897943714,1.08284547968374e-13,3.87932021362428e-13,20.4060848826014
"53","GOBP_REGULATION_OF_LIPID_KINASE_ACTIVITY",-0.323909638596541,-0.0128524675980385,-7.57389315505637,1.64063226073729e-13,5.82108946357749e-13,19.9998430565295
"75","GOBP_REGULATION_OF_LIPID_CATABOLIC_PROCESS",-0.290298204260608,-0.00766151135905857,-7.56388927223445,1.75858667202494e-13,6.18017601883051e-13,19.9319690447481
"98","GOBP_INTESTINAL_LIPID_ABSORPTION",-0.375570144160312,0.0137190317500866,-7.53704134842219,2.11803700748629e-13,7.37316656379661e-13,19.7501680969069
"173","GOBP_UNSATURATED_FATTY_ACID_METABOLIC_PROCESS",-0.262969792038005,-0.0177623800937315,-7.48961046713896,2.93820857080486e-13,1.0132700585299e-12,19.4302600028968
"57","GOBP_GLYCEROLIPID_BIOSYNTHETIC_PROCESS",-0.229150931915553,-0.022515523770391,-7.45893262042164,3.62788134445653e-13,1.23952612602265e-12,19.2242131578449
"95","GOBP_NEGATIVE_REGULATION_OF_LIPID_KINASE_ACTIVITY",-0.476757011880588,-0.0170886802765286,-7.38600267324861,5.97268866217001e-13,2.02194689572544e-12,18.737125910907
"58","GOBP_NEGATIVE_REGULATION_OF_LIPID_METABOLIC_PROCESS",-0.250470041545509,-0.00785385538795782,-7.37972949709146,6.23327931425282e-13,2.0909818790539e-12,18.6954094117162
"50","GOBP_LIPID_TRANSLOCATION",-0.308200950588373,-0.0139891346638818,-7.33956265927211,8.1880249187237e-13,2.72196504054869e-12,18.4289825910397
"30","GOBP_PHOSPHOLIPID_TRANSPORT",-0.248786837050159,-0.0195766234878589,-7.32911064358727,8.78865078829468e-13,2.8955465543578e-12,18.3598480247731
"141","GOMF_INTRAMEMBRANE_LIPID_TRANSPORTER_ACTIVITY",-0.345673062979927,-0.0205646596850258,-7.31410704301248,9.72732167774276e-13,3.17644398149299e-12,18.2607472100073
"276","GOBP_CELLULAR_RESPONSE_TO_LIPOPROTEIN_PARTICLE_STIMULUS",-0.357512315853026,-0.00611181826107528,-7.30772931207333,1.01556013029907e-12,3.28720779017856e-12,18.2186714924407
"143","GOMF_GLYCEROPHOSPHOLIPID_FLIPPASE_ACTIVITY",-0.422355212114676,-0.0268851889518116,-7.29815526222287,1.08335828475416e-12,3.47616701803726e-12,18.1555648559642
"301","GOCC_DIHYDROLIPOYL_DEHYDROGENASE_COMPLEX",-0.466921336490426,-0.0162122748272895,-7.23604984424356,1.64488503121381e-12,5.23243600446463e-12,17.7478407160282
"293","GOBP_LIPOXIN_METABOLIC_PROCESS",-0.47671118787794,0.0293500886621606,-7.21717136132696,1.86648574767653e-12,5.88660889651829e-12,17.6244671556509
"49","GOBP_RESPONSE_TO_LIPID",-0.220967043669157,-0.0116865829137501,-7.19133766969072,2.21795963269632e-12,6.93582291919442e-12,17.456067905522
"23","GOBP_PHOSPHOLIPID_BIOSYNTHETIC_PROCESS",-0.224864267464098,-0.0202340808981081,-7.13883170923023,3.14479683699954e-12,9.75151288111621e-12,17.1153297143764
"356","GOBP_NEGATIVE_REGULATION_OF_TRIGLYCERIDE_CATABOLIC_PROCESS",-0.506950631278308,0.0259226199378295,-7.01808630787773,6.96595756982807e-12,2.14203195272213e-11,16.3395564168891
"59","GOBP_POSITIVE_REGULATION_OF_LIPID_METABOLIC_PROCESS",-0.245564823086103,-0.00390533568149288,-7.00754070052106,7.46319653796122e-12,2.27596654752702e-11,16.2723214314662
"294","GOCC_LAMELLIPODIUM",-0.261684784008513,-0.023144866290977,-6.96755245255669,9.68604287601533e-12,2.92963100102431e-11,16.0181319395037
"278","GOBP_RESPONSE_TO_DIACYL_BACTERIAL_LIPOPEPTIDE",-0.666952295617144,0.0136942891626673,-6.95262360751934,1.06729297916109e-11,3.20187893748327e-11,15.9235445055448
"124","GOMF_PHOSPHOLIPID_TRANSPORTER_ACTIVITY",-0.260041235000464,-0.0354878002703723,-6.87673824185116,1.74325785043478e-11,5.18759795814866e-11,15.445352707019
"179","GOBP_LONG_CHAIN_FATTY_ACID_BIOSYNTHETIC_PROCESS",-0.305905932065,-0.00653496749385311,-6.87290561327068,1.78679137953148e-11,5.27460815237692e-11,15.4213173468902
"123","GOMF_CALCIUM_DEPENDENT_PHOSPHOLIPID_BINDING",-0.258938325009219,-0.0237601557339623,-6.82108116602269,2.49147027649456e-11,7.29644866687692e-11,15.0974118800245
"184","GOBP_NEGATIVE_REGULATION_OF_FATTY_ACID_METABOLIC_PROCESS",-0.28427640671526,0.00800828993266063,-6.81911898820266,2.5229297570019e-11,7.33040220735198e-11,15.0851884184613
"155","GOBP_FATTY_ACID_BIOSYNTHETIC_PROCESS",-0.220793666531008,0.00318276911445469,-6.81770619726125,2.54582209008496e-11,7.33912774407304e-11,15.0763892044785
"330","GOBP_POSITIVE_REGULATION_OF_CHOLESTEROL_EFFLUX",-0.345315966918648,-0.0245547236011616,-6.80882953096253,2.69439336799129e-11,7.70721823867277e-11,15.0211380096282
"164","GOBP_REGULATION_OF_FATTY_ACID_METABOLIC_PROCESS",-0.230270197823947,-0.00111210887293514,-6.77274059519274,3.39112949439154e-11,9.62559064177292e-11,14.7971296959047
"353","GOBP_POSITIVE_REGULATION_OF_SEQUESTERING_OF_TRIGLYCERIDE",-0.410062038434398,0.02081385232151,-6.75691993759023,3.74970671018157e-11,1.05621509622672e-10,14.699243605228
"8","HP_INCREASED_INTRAMYOCELLULAR_LIPID_DROPLETS",-0.370545131309328,0.00876931686936103,-6.75453148613007,3.80697916205746e-11,1.06422372030243e-10,14.6844823844252
"64","GOBP_GLYCEROPHOSPHOLIPID_CATABOLIC_PROCESS",-0.296422195697271,-0.0158933786035226,-6.73938938133805,4.19056655342306e-11,1.16264590843091e-10,14.5910023495752
"223","HP_GENERALIZED_LIPODYSTROPHY",-0.450602528514365,-0.0300112517316866,-6.69825606723511,5.43438445821861e-11,1.49648348140497e-10,14.3379552287468
"170","GOBP_POSITIVE_REGULATION_OF_FATTY_ACID_BETA_OXIDATION",-0.407504309122092,-0.0149965446137155,-6.66498425488365,6.69959567012953e-11,1.83122281650207e-10,14.1342251633591
"363","GOBP_POSITIVE_REGULATION_OF_TRIGLYCERIDE_LIPASE_ACTIVITY",-0.39687396080416,0.0225964078196829,-6.55511088111983,1.32932602464535e-10,3.60677428745686e-10,13.4675375010167
"88","GOBP_CELLULAR_RESPONSE_TO_LIPID",-0.203473801174656,-0.0113981166642308,-6.53347350942477,1.5197220850668e-10,4.09326605393904e-10,13.33735287543
"226","HP_HYPERLIPOPROTEINEMIA",-0.264348042846732,0.010445646257104,-6.50092581357647,1.85744848033678e-10,4.96665571916138e-10,13.1422129707765
"338","GOBP_POSITIVE_REGULATION_OF_CHOLESTEROL_BIOSYNTHETIC_PROCESS",-0.415523888958549,0.00650284124500651,-6.4769484210267,2.15226385901935e-10,5.71356376962691e-10,12.9989864115291
"66","GOBP_GLYCEROLIPID_CATABOLIC_PROCESS",-0.237004747863464,0.0123255528009783,-6.45773352438309,2.42118702095928e-10,6.38155721952839e-10,12.8845333178384
"25","GOBP_PHOSPHOLIPID_CATABOLIC_PROCESS",-0.268549639554786,-0.0219252515486594,-6.43647176660022,2.75717661339655e-10,7.21558986059097e-10,12.7582258597467
"339","GOBP_CELLULAR_RESPONSE_TO_CHOLESTEROL",0.31547075912909,-0.00742270932118671,6.37150381776054,4.09238394767679e-10,1.06344343429066e-09,12.3744817036833
"210","GOMF_FATTY_ACID_TRANSMEMBRANE_TRANSPORTER_ACTIVITY",-0.278506418177543,0.0135336953126461,-6.32641524356041,5.37249534449039e-10,1.3863292182636e-09,12.1101168801446
"109","GOBP_NEGATIVE_REGULATION_OF_PHOSPHOLIPID_METABOLIC_PROCESS",0.479904895128528,-0.0144986004404103,6.26677053202346,7.68216835352622e-10,1.96855564059109e-09,11.7628814403879
"145","HP_ABNORMAL_CIRCULATING_FATTY_ACID_CONCENTRATION",-0.294961256984792,-0.00506085740045163,-6.23748919451043,9.14723172269851e-10,2.327812762535e-09,11.5934485012424
"217","GOMF_FATTY_ACID_DERIVATIVE_BINDING",-0.324339164870317,-0.0017240666910422,-6.18724606580926,1.23221654994381e-09,3.11430073239224e-09,11.3043162425707
"94","GOBP_POSITIVE_REGULATION_OF_LIPID_KINASE_ACTIVITY",-0.31441164017766,-0.00599708230814078,-6.16849886776611,1.37641603164439e-09,3.45508514065837e-09,11.1969494704595
"346","GOMF_CHOLESTEROL_BINDING",-0.227213540696265,-0.0150705548914359,-6.15869255975491,1.45828650720155e-09,3.63586298079304e-09,11.1409000616721
"266","GOBP_DETECTION_OF_BACTERIAL_LIPOPROTEIN",-0.526995019556137,0.00403913337293134,-6.10780411454691,1.96577899387415e-09,4.86827146805074e-09,10.8512788458433
"359","GOBP_TRIGLYCERIDE_CATABOLIC_PROCESS",-0.237920584557957,0.0401564481634193,-6.08530996405738,2.24171759511735e-09,5.51462528398868e-09,10.7239215370028
"79","GOBP_LIPID_HOMEOSTASIS",-0.206976427191725,-0.0202867629462074,-6.04737158790658,2.79513496980931e-09,6.8304953897989e-09,10.5100461789418
"347","HP_HYPERTRIGLYCERIDEMIA",-0.228603461087648,-0.0147747390538888,-6.02807760642024,3.12568456967743e-09,7.58801056717745e-09,10.4017233427717
"190","GOBP_FATTY_ACYL_COA_BIOSYNTHETIC_PROCESS",0.282968266734606,-0.0282744218924266,6.00547631043137,3.5616089782756e-09,8.5897628299588e-09,10.2752151509016
"240","GOBP_NEGATIVE_REGULATION_OF_LIPOPROTEIN_PARTICLE_CLEARANCE",0.368278208818317,0.011150625802784,5.99251706292255,3.83776822716286e-09,9.19569140144866e-09,10.2028638697015
"114","GOBP_LIPID_TRANSPORT_ACROSS_BLOOD_BRAIN_BARRIER",-0.441447370080176,-0.0133204232627308,-5.96736773176307,4.434597297996e-09,1.05572025997453e-08,10.0628442204066
"285","GOBP_NEGATIVE_REGULATION_OF_LAMELLIPODIUM_ORGANIZATION",-0.43237136075149,0.00549271052010166,-5.95271996528681,4.82299001414453e-09,1.14082263796111e-08,9.9815290377655
"367","GOBP_NEGATIVE_REGULATION_OF_TRIGLYCERIDE_METABOLIC_PROCESS",-0.371677298627669,0.0184397003531299,-5.91439210831581,6.00309062037698e-09,1.41091747701854e-08,9.76958276829476
"115","GOBP_REGULATION_OF_PHOSPHOLIPID_TRANSPORT",-0.313292502184266,-0.0207644230116443,-5.91200342042148,6.08530594430038e-09,1.42118854015623e-08,9.75641335558459
"193","GOBP_MEDIUM_CHAIN_FATTY_ACID_CATABOLIC_PROCESS",-0.427326032264864,0.00782927171188658,-5.89192287189078,6.82128506681817e-09,1.58305294946912e-08,9.64588844490843
"329","GOBP_REGULATION_OF_CHOLESTEROL_EFFLUX",-0.269491040059357,-0.0245699641038792,-5.87236359958336,7.62129698890978e-09,1.75766161806732e-08,9.53854915504888
"101","GOBP_REGULATION_OF_LIPID_TRANSPORTER_ACTIVITY",-0.465085407428565,0.0127310908127984,-5.86552055861134,7.922238764262e-09,1.81571807702651e-08,9.50106906824104
"70","GOBP_POSITIVE_REGULATION_OF_LIPID_BIOSYNTHETIC_PROCESS",-0.209587147426189,-0.00385940821557246,-5.79912970793956,1.15128605600212e-08,2.62237379422704e-08,9.13942982574738
"62","GOBP_MEMBRANE_LIPID_CATABOLIC_PROCESS",-0.2633933092704,-0.0177601425539179,-5.77388798383176,1.32587178177653e-08,3.00151342009532e-08,9.00288408490883
"1","HP_HYPERLIPIDEMIA",-0.199846953759595,-0.0108300873895331,-5.74579511249588,1.55054833166421e-08,3.48873374624448e-08,8.85153140761293
"54","GOBP_LIPID_DIGESTION",-0.280459987225269,0.0337582757602551,-5.74294578555753,1.57530709289849e-08,3.5229594986639e-08,8.83621673765948
"334","GOBP_REGULATION_OF_INTESTINAL_CHOLESTEROL_ABSORPTION",-0.354984944861977,0.0147693342388981,-5.7022420265412,1.97396061016131e-08,4.387900392467e-08,8.61817198930246
"215","GOMF_LONG_CHAIN_FATTY_ACYL_COA_BINDING",-0.414598045020922,0.0192835789844212,-5.6957046431218,2.04653864458852e-08,4.52199257397105e-08,8.58327962163666
"349","GOBP_TRIGLYCERIDE_METABOLIC_PROCESS",-0.189578148547578,0.0109736503098626,-5.67941882582256,2.23882630443295e-08,4.91742206152237e-08,8.49651007151157
"92","GOBP_NEGATIVE_REGULATION_OF_SPHINGOLIPID_BIOSYNTHETIC_PROCESS",0.38072883932772,-0.0472745824923757,5.65282735679179,2.59119968741392e-08,5.6577081932292e-08,8.35530484703611
"118","GOCC_PHOSPHOLIPID_TRANSLOCATING_ATPASE_COMPLEX",-0.393958659379657,-0.0145505623231174,-5.59509542133233,3.55196258183942e-08,7.70984819234557e-08,8.05075817286713
"292","GOBP_POSITIVE_REGULATION_OF_LAMELLIPODIUM_MORPHOGENESIS",-0.383365286225181,-0.0255518988481343,-5.58200956504914,3.8137441225701e-08,8.22965836975653e-08,7.98211312701717
"199","GOBP_FATTY_ACID_DERIVATIVE_CATABOLIC_PROCESS",-0.32509863529697,-0.0189568344996747,-5.52985059117214,5.05650190277443e-08,1.08479604774637e-07,7.70991902144223
"214","GOMF_LONG_CHAIN_FATTY_ACID_BINDING",-0.30531853294527,0.0131600375886256,-5.5101609764542,5.62138321802253e-08,1.19901179621405e-07,7.60775854210614
"196","GOBP_CELLULAR_RESPONSE_TO_FATTY_ACID",0.232862675241429,-0.0117223764195869,5.47990383409518,6.6108018714559e-08,1.4019459141191e-07,7.45140034575157
"241","GOBP_POSITIVE_REGULATION_OF_LIPOPROTEIN_PARTICLE_CLEARANCE",-0.401749656038017,-0.00415345244199239,-5.4460257977938,7.91967001066679e-08,1.6699189908206e-07,7.27724144381683
"243","GOBP_NEGATIVE_REGULATION_OF_LOW_DENSITY_LIPOPROTEIN_PARTICLE_CLEARANCE",0.372741324531407,0.013038242569482,5.40988493450191,9.59294583274506e-08,2.01124830243348e-07,7.09251284679612
"220","HP_INTRACELLULAR_ACCUMULATION_OF_AUTOFLUORESCENT_LIPOPIGMENT_STORAGE_MATERIAL",-0.349964756240865,-0.027146847295537,-5.39866489214057,1.01789125736916e-07,2.1220444857018e-07,7.03538686869329
"213","GOMF_VERY_LONG_CHAIN_FATTY_ACID_COA_LIGASE_ACTIVITY",-0.320159236866129,-0.0269364302549201,-5.39368216890248,1.04501406009835e-07,2.1621718792696e-07,7.01005172391054
"35","GOBP_GALACTOLIPID_METABOLIC_PROCESS",-0.386014828191186,-0.0106074130544836,-5.39298609596736,1.04885844549935e-07,2.1621718792696e-07,7.00651413835846
"144","HP_ELEVATED_CIRCULATING_LONG_CHAIN_FATTY_ACID_CONCENTRATION",-0.404174926493368,-0.00539417374183488,-5.39167839098403,1.05611800490095e-07,2.16504191004694e-07,6.99986921741109
"178","GOBP_LONG_CHAIN_FATTY_ACID_CATABOLIC_PROCESS",-0.381290010847303,0.000121358442633876,-5.3855331874163,1.0908905106354e-07,2.22397015704122e-07,6.96866252389722
"305","GOMF_LIPOPROTEIN_LIPASE_ACTIVITY",-0.375654345990394,0.0229489962002178,-5.37985639443532,1.1239981281986e-07,2.2788753258532e-07,6.93986281555727
"37","GOBP_GLYCOLIPID_CATABOLIC_PROCESS",-0.322216184737446,0.0011840537630697,-5.36802546382383,1.19616046612554e-07,2.41193012022035e-07,6.87992908401214
"262","GOBP_APOLIPOPROTEIN_A_I_MEDIATED_SIGNALING_PATHWAY",-0.416058923887035,-0.00364343494682559,-5.27232449729017,1.97039918489153e-07,3.95150706100531e-07,6.39947282296581
"290","GOBP_POSITIVE_REGULATION_OF_LOW_DENSITY_LIPOPROTEIN_RECEPTOR_ACTIVITY",0.411198913456104,0.012519209170247,5.25155651318757,2.19362559181183e-07,4.37539374799224e-07,6.29623464408839
"89","GOBP_PROTEIN_LIPID_COMPLEX_SUBUNIT_ORGANIZATION",-0.212850681465398,0.0162907055768857,-5.22911853613042,2.46232426726877e-07,4.88493362700095e-07,6.18510693071076
"4","HP_ABNORMAL_GLYCOSPHINGOLIPID_METABOLISM",-0.429002759643846,-0.0269474097211377,-5.17716599328359,3.21251540140521e-07,6.33913466908301e-07,5.92944927634081
"335","GOBP_CHOLESTEROL_EFFLUX",-0.215759039374242,-0.0104163525233193,-5.16851527125155,3.35724706922337e-07,6.5894902582097e-07,5.88710281750441
"86","GOBP_REGULATION_OF_PHOSPHOLIPID_BIOSYNTHETIC_PROCESS",-0.276379834374232,0.00438780348460112,-5.1279675010651,4.12409939764702e-07,8.0518131096918e-07,5.68946852776545
"61","GOBP_NEUTRAL_LIPID_CATABOLIC_PROCESS",-0.201318455442444,0.0300664121713584,-5.0935015575011,4.90691625566691e-07,9.52974788600573e-07,5.52258445134061
"219","HP_SUBCUTANEOUS_LIPOMA",-0.332530722948858,-0.0222102143423354,-5.07639724226346,5.34696963452036e-07,1.03300093986283e-06,5.44014362448415
"136","GOMF_LYSOPHOSPHOLIPID_ACYLTRANSFERASE_ACTIVITY",-0.25564354299548,-0.0306436863354517,-5.03481746788228,6.5817242306399e-07,1.26492512557611e-06,5.24078214878704
"318","HP_INCREASED_LDL_CHOLESTEROL_CONCENTRATION",-0.216320206007433,2.61871226981419e-05,-5.02062948821367,7.06294748773942e-07,1.35037700672324e-06,5.17309579013256
"332","GOBP_POSITIVE_REGULATION_OF_CHOLESTEROL_STORAGE",-0.350904929173642,-0.0109328758035339,-4.98190884787842,8.55564281603477e-07,1.62733618511177e-06,4.98925477880763
"200","GOBP_FATTY_ACID_DERIVATIVE_BIOSYNTHETIC_PROCESS",-0.186799366081724,0.00878739779348661,-4.96778403318434,9.17259312207361e-07,1.73573685233085e-06,4.92251392870092
"15","GOBP_NEUTRAL_LIPID_METABOLIC_PROCESS",-0.162920058549487,0.00765292904093274,-4.96051323644699,9.50670046388494e-07,1.78978187304773e-06,4.88822605131999
"134","GOMF_SPHINGOLIPID_BINDING",-0.239949520663595,0.00424612920156377,-4.95417218425273,9.80765040991025e-07,1.83706751332837e-06,4.85836000287205
"112","GOBP_NEGATIVE_REGULATION_OF_LIPID_LOCALIZATION",-0.190075906645364,0.00133501282711632,-4.93062066021119,1.10080066010106e-06,2.05149213927924e-06,4.74773797388625
"131","GOMF_GLYCOSPHINGOLIPID_BINDING",-0.3220027087037,0.0200569721083503,-4.91907430575309,1.16471194145557e-06,2.15969199194526e-06,4.69367991130259
"36","GOBP_GALACTOLIPID_BIOSYNTHETIC_PROCESS",-0.370929335857255,0.00390548036870069,-4.91427044690041,1.19234402054397e-06,2.19987471790363e-06,4.6712230876351
"309","GOMF_LIPOPROTEIN_PARTICLE_RECEPTOR_ACTIVITY",-0.269380839571888,-0.0276103208709717,-4.84267885220886,1.68719047989907e-06,3.09737953772515e-06,4.33892359712885
"261","GOBP_VERY_LOW_DENSITY_LIPOPROTEIN_PARTICLE_CLEARANCE",-0.324430448329155,0.0274460031879725,-4.81405382329976,1.93607470725569e-06,3.53669092563045e-06,4.2073048120472
"60","GOBP_NEUTRAL_LIPID_BIOSYNTHETIC_PROCESS",-0.190732891840556,-0.0247498006658942,-4.78837116445415,2.18918791932115e-06,3.97936129177096e-06,4.08982289094897
"277","GOBP_CELLULAR_RESPONSE_TO_LOW_DENSITY_LIPOPROTEIN_PARTICLE_STIMULUS",-0.256976158729349,-0.00516466224041473,-4.78722410444987,2.20120591942172e-06,3.98159306013046e-06,4.08458924042617
"91","GOBP_POSITIVE_REGULATION_OF_SPHINGOLIPID_BIOSYNTHETIC_PROCESS",-0.312400283317845,-0.0409559548184893,-4.72904869605077,2.90145462065238e-06,5.22261831717429e-06,3.82066195932492
"191","GOBP_MEDIUM_CHAIN_FATTY_ACID_METABOLIC_PROCESS",-0.239642319530965,0.0227547719099809,-4.70122826157671,3.30782328097677e-06,5.92517859553605e-06,3.69549438354892
"198","GOBP_FATTY_ACID_DERIVATIVE_METABOLIC_PROCESS",-0.172166374771763,0.00823397622792435,-4.66077530589701,3.99770878219462e-06,7.12635043782518e-06,3.5147026788539
"343","GOBP_NEGATIVE_REGULATION_OF_CHOLESTEROL_METABOLIC_PROCESS",-0.363006782592583,0.00236476902502769,-4.61828428593075,4.87054467448051e-06,8.64053358116975e-06,3.32635105371603
"183","GOBP_POSITIVE_REGULATION_OF_FATTY_ACID_BIOSYNTHETIC_PROCESS",0.226118822755457,0.0128282194385548,4.61020370872065,5.05606563922492e-06,8.92673789891864e-06,3.29071180182369
"340","GOBP_RECEPTOR_MEDIATED_ENDOCYTOSIS_INVOLVED_IN_CHOLESTEROL_TRANSPORT",0.353226472219082,-0.0265528658852736,4.60396979837474,5.20380730147926e-06,9.14383282974212e-06,3.26325655428723
"319","HP_HYPOCHOLESTEROLEMIA",0.260798755468361,-0.0212491867610619,4.60152360304667,5.26290647530387e-06,9.20385066060249e-06,3.25249243252284
"281","GOBP_REGULATION_OF_PLASMA_LIPOPROTEIN_PARTICLE_LEVELS",-0.180315337343003,0.00125645154647947,-4.55909793168438,6.39639784562353e-06,1.11333528539391e-05,3.06664415922495
"99","GOBP_RETROGRADE_TRANS_SYNAPTIC_SIGNALING_BY_LIPID",-0.328768016804748,0.00600777248297257,-4.51563696927265,7.79873518331079e-06,1.35104848950314e-05,2.87790956649302
"106","GOBP_LIPID_IMPORT_INTO_CELL",-0.190226321741908,-0.0233981090452755,-4.50380016281328,8.22905605869125e-06,1.41893536712947e-05,2.82679639184119
"105","GOBP_LIPID_EXPORT_FROM_CELL",-0.169766356080119,-0.0022711345953027,-4.48486926898992,8.96495251673972e-06,1.53863603659393e-05,2.74530789114778
"132","GOMF_BIOACTIVE_LIPID_RECEPTOR_ACTIVITY",-0.269507314501978,0.0148964088640427,-4.42831946684903,1.1557798729302e-05,1.96878494192211e-05,2.50378172442601
"272","GOBP_NEGATIVE_REGULATION_OF_LIPOPROTEIN_LIPASE_ACTIVITY",-0.297207690618586,0.00946442042532337,-4.42792959497922,1.15779493874552e-05,1.96878494192211e-05,2.50212643034608
"337","GOBP_REGULATION_OF_CHOLESTEROL_BIOSYNTHETIC_PROCESS",0.224250721325502,-0.0143631952790453,4.39246218116858,1.35586983871826e-05,2.29502738755521e-05,2.35210693167986
"175","GOBP_FATTY_ACYL_COA_METABOLIC_PROCESS",0.196791026961796,-0.0142536566278178,4.38181744399585,1.42138460220902e-05,2.39493569961246e-05,2.30730056732699
"222","HP_RENAL_ANGIOMYOLIPOMA",0.325138514298327,-0.0239443043139626,4.37604802665646,1.45814767793818e-05,2.44571133254177e-05,2.28305785106214
"254","GOBP_LOW_DENSITY_LIPOPROTEIN_PARTICLE_REMODELING",-0.231201749000872,0.014902143120488,-4.28839098040225,2.1417727500007e-05,3.57608210294234e-05,1.91838483463055
"306","GOMF_LOW_DENSITY_LIPOPROTEIN_PARTICLE_RECEPTOR_ACTIVITY",-0.259504619927046,-0.0301757571767057,-4.27751012066039,2.24543334973173e-05,3.73227435158111e-05,1.87359750546304
"11","GOBP_OLIGOSACCHARIDE_LIPID_INTERMEDIATE_BIOSYNTHETIC_PROCESS",0.248598680444272,-0.0135761705049338,4.19138740742946,3.25247506596619e-05,5.38189820332521e-05,1.52285023063135
"315","GOMF_LIPOPEPTIDE_BINDING",-0.336223208474736,0.012881968213969,-4.17556383625531,3.47918979676412e-05,5.73134390627661e-05,1.45913134208427
"159","GOBP_FATTY_ACID_OMEGA_OXIDATION",-0.326102654486899,0.0333350018979139,-4.1707590478845,3.55095845850856e-05,5.82357187195403e-05,1.43982787403344
"235","GOBP_NEGATIVE_REGULATION_OF_LAMELLIPODIUM_ASSEMBLY",-0.358745631592224,-0.0112900753485956,-4.16735305601265,3.60268498858359e-05,5.88226000348382e-05,1.42615673137745
"310","GOMF_APOLIPOPROTEIN_BINDING",0.209640068322112,-0.00277086576037838,4.08599711025254,5.07409026399355e-05,8.2481907815578e-05,1.10271578237994
"103","GOBP_LIPID_DROPLET_FORMATION",-0.24709357573419,-0.0120300743057181,-4.0811531633432,5.17768415064314e-05,8.37967303327771e-05,1.08364660850844
"328","GOBP_POSITIVE_REGULATION_OF_CHOLESTEROL_ESTERIFICATION",0.252147050063954,0.0340799263546346,4.0797909236525,5.20717754938682e-05,8.39060487215606e-05,1.07828770024166
"264","GOBP_LIPOPROTEIN_BIOSYNTHETIC_PROCESS",-0.15849651912936,-0.0193215481708052,-4.07802585445592,5.24562999194872e-05,8.41581507403946e-05,1.07134659927398
"72","GOBP_ANTIGEN_PROCESSING_AND_PRESENTATION_OF_LIPID_ANTIGEN_VIA_MHC_CLASS_IB",-0.319183640588154,-0.00443454360991424,-4.05360425846463,5.8061427152301e-05,9.27474745419873e-05,0.975598485051011
"258","GOBP_PLASMA_LIPOPROTEIN_PARTICLE_CLEARANCE",-0.178081329828548,-0.0033546925456926,-4.04412763625389,6.03860062778924e-05,9.60449841230271e-05,0.93858955072994
"308","GOMF_LOW_DENSITY_LIPOPROTEIN_PARTICLE_BINDING",-0.250641008129657,0.0125077390924819,-3.99758715313915,7.31432588541512e-05,0.000115836319816231,0.758017238849447
"255","GOBP_HIGH_DENSITY_LIPOPROTEIN_PARTICLE_REMODELING",0.211746223277731,0.017824165482508,3.96409094011285,8.38646922315348e-05,0.000132248168518959,0.629272153561265
"228","HP_INCREASED_CEREBRAL_LIPOFUSCIN",-0.257223028938647,-0.0251159304610771,-3.9595588547784,8.54248714506439e-05,0.000134135223682075,0.611931083913769
"47","GOBP_PROTEIN_TRANSPORT_WITHIN_LIPID_BILAYER",-0.283871308592967,-0.0145879817896551,-3.94513646152095,9.05748674213394e-05,0.00014161917829862,0.556871166274195
"345","GOBP_REGULATION_OF_RECEPTOR_MEDIATED_ENDOCYTOSIS_INVOLVED_IN_CHOLESTEROL_TRANSPORT",0.351619629901184,-0.0244769065675702,3.93476626067044,9.44581963733222e-05,0.000147067824733147,0.517398161787867
"246","GOBP_LIPOPOLYSACCHARIDE_MEDIATED_SIGNALING_PATHWAY",-0.198073464004228,-0.00546199538227105,-3.92125860524028,9.97532166317183e-05,0.000154659398895395,0.466129629871895
"85","GOBP_PROTEIN_LIPID_COMPLEX_ASSEMBLY",-0.177044943690567,0.00806032514838175,-3.91327595026781,0.000103013265570133,0.000159045585754724,0.435909468623331
"2","HP_ABNORMAL_CIRCULATING_LIPID_CONCENTRATION",-0.125636047265206,-0.014616335948729,-3.87282221646122,0.000121143774235907,0.000186258552887706,0.283655954560019
"163","GOBP_LONG_CHAIN_FATTY_ACID_IMPORT_ACROSS_PLASMA_MEMBRANE",0.228833706304444,-0.0343296983964274,3.84286128539035,0.000136473831895525,0.000208957858794393,0.171856570855211
"5","HP_INTRAALVEOLAR_PHOSPHOLIPID_ACCUMULATION",-0.297579673363691,0.0113344616214321,-3.84144265373979,0.000137243329380604,0.000209267721245632,0.166583279059409
"317","HP_HYPERCHOLESTEROLEMIA",-0.145012850709767,0.000264019557970424,-3.83405657366133,0.000141316372342628,0.000214591528372138,0.139157711871134
"203","GOBP_NEGATIVE_REGULATION_OF_FATTY_ACID_TRANSPORT",-0.192381488557609,0.0269379701918286,-3.77648837704094,0.000177207636386334,0.000267990236994087,-0.0728900241549768
"279","GOBP_TRIGLYCERIDE_RICH_LIPOPROTEIN_PARTICLE_CLEARANCE",-0.262819482962436,0.0178316037896584,-3.76370328283143,0.000186269390517737,0.000279404085776606,-0.119570791939366
"364","GOBP_TRIGLYCERIDE_RICH_LIPOPROTEIN_PARTICLE_CLEARANCE",-0.262819482962436,0.0178316037896584,-3.76370328283143,0.000186269390517737,0.000279404085776606,-0.119570791939366
"252","GOBP_REGULATION_OF_LOW_DENSITY_LIPOPROTEIN_PARTICLE_RECEPTOR_CATABOLIC_PROCESS",0.274457255799566,-0.0365888206604249,3.71492709005587,0.000225011838932079,0.000336151289740636,-0.296283783317434
"73","GOBP_ANTIGEN_PROCESSING_AND_PRESENTATION_ENDOGENOUS_LIPID_ANTIGEN_VIA_MHC_CLASS_IB",-0.351842107700365,0.00132489110604261,-3.68521910507471,0.000252201146077259,0.000373743867078348,-0.402842489395081
"128","GOMF_LIPID_ANTIGEN_BINDING",-0.351842107700365,0.00132489110604261,-3.68521910507471,0.000252201146077259,0.000373743867078348,-0.402842489395081
"322","HP_DECREASED_LDL_CHOLESTEROL_CONCENTRATION",0.226729566187525,0.0159607724149441,3.64252977426557,0.000296723561561761,0.000437963976865159,-0.554541017644436
"116","GOCC_LIPID_DROPLET",-0.126937901264602,-0.0228057383462594,-3.53649787552903,0.00044130036592989,0.000648764282980595,-0.924053833604539
"152","GOBP_FATTY_ACID_ALPHA_OXIDATION",-0.253174597877244,0.0125048367497512,-3.50224249960263,0.000500626824359569,0.00073306070709794,-1.04120809517353
"225","HP_ABNORMALITY_OF_LIPOPROTEIN_CHOLESTEROL_CONCENTRATION",-0.130735280457969,0.0127005969408182,-3.48713817288872,0.000529086739334128,0.000768633885095643,-1.09251967345155
"323","HP_ABNORMALITY_OF_LIPOPROTEIN_CHOLESTEROL_CONCENTRATION",-0.130735280457969,0.0127005969408182,-3.48713817288872,0.000529086739334128,0.000768633885095643,-1.09251967345155
"185","GOBP_POSITIVE_REGULATION_OF_FATTY_ACID_METABOLIC_PROCESS",-0.146757179770548,0.0147788328587397,-3.45773519965792,0.000588874982507636,0.000852136739393403,-1.19179854511062
"96","GOBP_SPHINGOLIPID_MEDIATED_SIGNALING_PATHWAY",-0.199111901959885,-0.00470452995226646,-3.44423911785081,0.000618379547961347,0.00089133614530366,-1.23709906798901
"314","GOMF_LIPOPROTEIN_PARTICLE_RECEPTOR_BINDING",-0.156236906558936,0.000830518300393427,-3.43359826869374,0.000642608550856578,0.000922655857066449,-1.27269644704926
"257","GOBP_HIGH_DENSITY_LIPOPROTEIN_PARTICLE_ASSEMBLY",-0.189131335948526,0.0134366698741007,-3.36667652975402,0.000816459346614915,0.00116772673992598,-1.49415807611056
"242","GOBP_REGULATION_OF_LOW_DENSITY_LIPOPROTEIN_PARTICLE_CLEARANCE",0.193276399988699,0.0304822645671808,3.33953724542157,0.000898711637645351,0.00128040383896191,-1.58277974826179
"237","GOBP_REGULATION_OF_VERY_LOW_DENSITY_LIPOPROTEIN_PARTICLE_CLEARANCE",0.269816463656056,0.0265301037208883,3.32273456379894,0.000953429924199385,0.00135313708472913,-1.63730338553591
"80","GOBP_PHOSPHOLIPID_HOMEOSTASIS",-0.169243821078908,-0.0189867221797853,-3.29287258560227,0.00105838086529695,0.00149633156817844,-1.73355283421615
"77","GOBP_POSITIVE_REGULATION_OF_LIPID_CATABOLIC_PROCESS",-0.1488083653722,0.00289458950111078,-3.18966014343734,0.00150932551831259,0.00212572945136391,-2.05979497192065
"303","GOMF_LIPOPOLYSACCHARIDE_BINDING",0.155232796434362,0.000237005605496903,3.1803910061101,0.00155749709404986,0.00218523356541596,-2.08860492041647
"312","GOMF_APOLIPOPROTEIN_RECEPTOR_BINDING",0.225853836436047,-0.0192602682871386,3.14025377369774,0.00178292157383849,0.00249203810888788,-2.21242660147077
"46","GOBP_REGULATION_OF_INTRACELLULAR_LIPID_TRANSPORT",-0.216764439508857,-0.0165236212703679,-3.08852117880391,0.00211783095878817,0.00294897971242579,-2.36978500521557
"253","GOBP_TRIGLYCERIDE_RICH_LIPOPROTEIN_PARTICLE_REMODELING",-0.184150229795341,0.0121322494821684,-3.07758333756922,0.00219566974973592,0.0030344649350283,-2.40273267423079
"361","GOBP_TRIGLYCERIDE_RICH_LIPOPROTEIN_PARTICLE_REMODELING",-0.184150229795341,0.0121322494821684,-3.07758333756922,0.00219566974973592,0.0030344649350283,-2.40273267423079
"206","GOMF_FATTY_ACID_SYNTHASE_ACTIVITY",0.169411763547201,-0.0315541042366451,2.98436634686428,0.00297380229022317,0.00409452628765803,-2.67894823038557
"129","GOMF_ATPASE_COUPLED_LIPID_TRANSMEMBRANE_TRANSPORTER_ACTIVITY",-0.214002484435996,-0.0212885384335659,-2.91951814942852,0.00365602854762106,0.00501321022211852,-2.86625960038198
"147","HP_ABNORMAL_CIRCULATING_LONG_CHAIN_FATTY_ACID_CONCENTRATION",-0.180595664693213,0.0100268621282386,-2.91846481316912,0.00366820260155014,0.00501321022211852,-2.86926926018167
"108","GOBP_REGULATION_OF_PHOSPHOLIPID_METABOLIC_PROCESS",-0.122744633435966,-0.0210282001910206,-2.9051592746837,0.00382519782908626,0.00520847970085915,-2.90719617994048
"239","GOBP_REGULATION_OF_LIPOPROTEIN_PARTICLE_CLEARANCE",0.141148333613049,0.0136161071932972,2.84217828373027,0.00465467894360652,0.00631461959628973,-3.08444278018643
"195","GOBP_RESPONSE_TO_FATTY_ACID",0.107850137581491,-0.00286742228260051,2.81440189112749,0.00506991639710723,0.00685274414114494,-3.16141678999085
"355","GOBP_REGULATION_OF_TRIGLYCERIDE_CATABOLIC_PROCESS",-0.1489509160366,0.0180869222938944,-2.791811528236,0.00543208092344568,0.0073154666450783,-3.22347845553211
"84","GOBP_CALCIUM_ACTIVATED_PHOSPHOLIPID_SCRAMBLING",-0.191795263331847,-0.0187781458853147,-2.72056419768903,0.00673287117037302,0.00903428895224598,-3.41603173313878
"296","GOCC_LOW_DENSITY_LIPOPROTEIN_PARTICLE",-0.161050425990108,-0.01110296435865,-2.7148485494826,0.00684850891633299,0.00915615865987997,-3.43126928866477
"238","GOBP_REGULATION_OF_HIGH_DENSITY_LIPOPROTEIN_PARTICLE_CLEARANCE",0.227890000850579,0.0281441318291198,2.6976331214327,0.00720769918235316,0.00959049699966957,-3.47697626694255
"137","GOMF_PROTEIN_LIPID_COMPLEX_BINDING",-0.142595611136813,0.00633770688612402,-2.6968067043021,0.00722536088321989,0.00959049699966957,-3.47916329302367
"369","GOMF_TRIGLYCERIDE_LIPASE_ACTIVITY",-0.12075885064507,0.0337411307717089,-2.68380834585733,0.00750832549426832,0.00993036597629036,-3.51347633740488
"48","GOBP_PHOSPHOLIPID_EFFLUX",0.155863002589998,0.0265535379802613,2.68120943996691,0.00756608303912216,0.00997101657655742,-3.52031757944503
"291","GOBP_REGULATION_OF_LAMELLIPODIUM_MORPHOGENESIS",-0.156104269542857,-0.00769698208209423,-2.67260864649861,0.00776008470902296,0.0101902891730586,-3.54291193616538
"325","HP_ABNORMAL_HDL_CHOLESTEROL_CONCENTRATION",-0.13091717388566,0.00874365459429871,-2.6422980286626,0.00847991516528035,0.0110960592056328,-3.62197493669158
"165","GOBP_FATTY_ACID_ELONGATION_SATURATED_FATTY_ACID",-0.17432363650914,-0.0397600285878378,-2.62872807999808,0.00882116095015243,0.0115017964332376,-3.65708662489145
"248","GOBP_NEGATIVE_REGULATION_OF_LIPOPOLYSACCHARIDE_MEDIATED_SIGNALING_PATHWAY",-0.154431616629127,-0.0133353660003666,-2.61944486087331,0.00906164304062173,0.0117737545140472,-3.68100515253449
"10","GOBP_LIPID_HYDROXYLATION",-0.188989579588887,0.0127795782075992,-2.61784617636099,0.00910364447466518,0.011786823898777,-3.68511589829862
"231","HP_LIPOATROPHY",-0.103545738812738,-0.0217250181043884,-2.60238280810402,0.00951899040912504,0.0122814946187662,-3.72475112766804
"269","GOBP_POSITIVE_REGULATION_OF_LIPOPROTEIN_METABOLIC_PROCESS",-0.19166049033977,-0.0342371681549363,-2.57514302660232,0.0102920333600037,0.0132326143200048,-3.79401466728872
"357","GOBP_POSITIVE_REGULATION_OF_TRIGLYCERIDE_CATABOLIC_PROCESS",0.162516179036986,0.0250026990370275,2.55204244981635,0.0109910110391368,0.0140822328938941,-3.85219647543657
"224","HP_LIPODYSTROPHY",-0.0915660976185642,-0.0201146934261237,-2.54618248097045,0.0111749167955458,0.0142683193687073,-3.86687426272632
"207","GOMF_LONG_CHAIN_FATTY_ACID_COA_LIGASE_ACTIVITY",-0.133282367223,-0.0231048551084528,-2.53864604121629,0.0114154625877166,0.014525192051267,-3.88570281170492
"181","GOBP_LONG_CHAIN_FATTY_ACID_IMPORT_INTO_CELL",-0.127938286603349,-0.0172943396986623,-2.52811591312613,0.011759277740105,0.0149112490931229,-3.91191939745553
"71","GOBP_REGULATION_OF_LIPID_BIOSYNTHETIC_PROCESS",-0.0836593055646039,-0.011219769177887,-2.51649175778273,0.0121494825370704,0.0153092928068109,-3.94073626686953
"135","GOMF_GLYCOLIPID_BINDING",-0.124534581806652,0.00881668982415898,-2.51629576140413,0.0121561593289854,0.0153092928068109,-3.94122104067243
"300","GOCC_TRIGLYCERIDE_RICH_PLASMA_LIPOPROTEIN_PARTICLE",-0.130032954613265,0.012556807019249,-2.47133362655764,0.0137767590944389,0.0172326240876202,-4.05145519682608
"368","GOCC_TRIGLYCERIDE_RICH_PLASMA_LIPOPROTEIN_PARTICLE",-0.130032954613265,0.012556807019249,-2.47133362655764,0.0137767590944389,0.0172326240876202,-4.05145519682608
"259","GOBP_LOW_DENSITY_LIPOPROTEIN_PARTICLE_CLEARANCE",-0.116821928714491,-0.000813933037928226,-2.46855661180462,0.013882855032746,0.0173066672536597,-4.05819998621042
"260","GOBP_HIGH_DENSITY_LIPOPROTEIN_PARTICLE_CLEARANCE",0.146057785234758,-0.000743588666059111,2.44731373555881,0.0147186556947263,0.0182868146510235,-4.1095493686107
"51","GOBP_LIPID_DROPLET_ORGANIZATION",-0.105309023467339,-0.0141109301229143,-2.38786195059866,0.0172987623529482,0.0214202795578453,-4.25095275842404
"327","GOBP_REGULATION_OF_CHOLESTEROL_ESTERIFICATION",0.136011187387479,0.0221126005978608,2.37016815874935,0.0181398316483331,0.0223866149773743,-4.29237977457493
"320","HP_DECREASED_HDL_CHOLESTEROL_CONCENTRATION",-0.117535983871318,0.00277658259263344,-2.32125566183319,0.0206544379480826,0.0254049586761416,-4.40533053132937
"232","GOBP_PROTEIN_LIPOYLATION",0.171533860311389,-0.029922426807028,2.30550633053042,0.0215265581477919,0.0263897008522765,-4.44120854372354
"182","GOBP_NEGATIVE_REGULATION_OF_FATTY_ACID_BIOSYNTHETIC_PROCESS",0.11710399525488,0.00626162761844294,2.2933615649033,0.0222208658388968,0.0271506605779898,-4.46871167675709
"316","HP_ABNORMAL_CIRCULATING_CHOLESTEROL_CONCENTRATION",-0.0790823479778308,-0.00817495810852222,-2.26296184825434,0.024045040164931,0.0292825736662031,-4.53693081324815
"295","GOCC_LAMELLIPODIUM_MEMBRANE",0.126135098673165,-0.0253650168067447,2.2345872161929,0.0258638187776078,0.0313939116083463,-4.59980000883247
"102","GOBP_INTERMEMBRANE_LIPID_TRANSFER",-0.0889190192357099,-0.0199597695890954,-2.19317341253313,0.0287320677698538,0.0346474934871766,-4.69016269659098
"138","GOMF_LIPID_TRANSFER_ACTIVITY",-0.0889190192357099,-0.0199597695890954,-2.19317341253313,0.0287320677698538,0.0346474934871766,-4.69016269659098
"81","GOBP_REGULATION_OF_PHOSPHOLIPID_CATABOLIC_PROCESS",0.151764788240715,-0.0117972375508355,2.19076230786915,0.0289072057686918,0.0347451430900562,-4.6953724845266
"3","HP_ANTIPHOSPHOLIPID_ANTIBODY_POSITIVITY",-0.151368510549006,-0.0122290190597831,-2.18471317947662,0.0293506647381435,0.0351636210661524,-4.70841835696543
"216","GOMF_FATTY_ACID_OMEGA_HYDROXYLASE_ACTIVITY",-0.158782055748421,0.0283504540809971,-2.13191549810811,0.0334766581807979,0.0399769801576518,-4.82078036032209
"298","GOCC_HIGH_DENSITY_LIPOPROTEIN_PARTICLE",0.106900361832602,0.0124605206356432,2.10141943855899,0.0360794146376985,0.0429461419397121,-4.88445016050153
"313","GOMF_LOW_DENSITY_LIPOPROTEIN_PARTICLE_RECEPTOR_BINDING",-0.0974466865641369,0.00533788884331201,-2.06838903511035,0.039091755244628,0.0463821790523078,-4.9523935435648
"149","HP_FATTY_REPLACEMENT_OF_SKELETAL_MUSCLE",-0.104544003812578,-0.0107941879513213,-2.03497872210024,0.0423540647248113,0.0500918265495365,-5.02004101158733
"348","HP_HYPOTRIGLYCERIDEMIA",0.126388745612219,0.0134055229604546,2.02676455352982,0.0431906070119134,0.0509179999597318,-5.03650658940984
"358","GOBP_TRIGLYCERIDE_BIOSYNTHETIC_PROCESS",-0.0848880985528616,-0.037272321500938,-2.01384139943428,0.0445350459692978,0.0523357705817545,-5.06227877409706
"90","GOBP_REGULATION_OF_SPHINGOLIPID_BIOSYNTHETIC_PROCESS",-0.104286878592429,-0.0423613664203264,-1.95811685810904,0.0507446549597668,0.0594437386671554,-5.17154861390196
"336","GOBP_REVERSE_CHOLESTEROL_TRANSPORT",-0.104937105540833,0.0125230657675135,-1.95423122875971,0.051203526172249,0.0597914593593667,-5.1790552547025
"265","GOBP_LIPOPROTEIN_CATABOLIC_PROCESS",0.105861436898766,-0.0370033302626356,1.93215113110363,0.0538776954571757,0.0627156770463654,-5.22143272261516
"256","GOBP_VERY_LOW_DENSITY_LIPOPROTEIN_PARTICLE_ASSEMBLY",-0.111715579320912,0.0057656392777716,-1.92714309379579,0.0545002300254226,0.0632408329540282,-5.23097841312744
"9","HP_HYPOLIPIDEMIA",0.11339540101296,0.0352133404909998,1.89945694905339,0.0580513543986304,0.0671503127683216,-5.28330943317337
"299","GOCC_SPHERICAL_HIGH_DENSITY_LIPOPROTEIN_PARTICLE",-0.126143682436172,-0.00602580426417815,-1.8797119508904,0.0607000319560052,0.0699947243492685,-5.32017421139437
"268","GOBP_REGULATION_OF_LIPOPROTEIN_METABOLIC_PROCESS",-0.0894503618226743,-0.01100345188021,-1.79997050634995,0.0724383547396929,0.0831241656808119,-5.46518647781194
"194","GOBP_FATTY_ACID_HOMEOSTASIS",0.0934291437235975,-0.0183445552742321,1.79934998375024,0.0725365348217383,0.0831241656808119,-5.46629058338836
"351","GOBP_POSITIVE_REGULATION_OF_TRIGLYCERIDE_BIOSYNTHETIC_PROCESS",0.104292111999078,-0.0426099368798742,1.77132192582306,0.0770863540163369,0.0879178432306631,-5.51576922056489
"68","GOBP_GLYCOLIPID_TRANSPORT",-0.121410080169615,-0.0100875419021662,-1.77066244147191,0.0771961550318018,0.0879178432306631,-5.51692418403583
"192","GOBP_MEDIUM_CHAIN_FATTY_ACID_BIOSYNTHETIC_PROCESS",0.122710748352876,-0.0257906191204489,1.76179600709035,0.0786848220022553,0.0893375363656375,-5.53241082019115
"127","GOMF_PHOSPHOLIPID_SCRAMBLASE_ACTIVITY",-0.105936750539361,0.00510949995799183,-1.73390393730941,0.083521247004304,0.0945378532042582,-5.58062770907183
"93","GOBP_CELLULAR_SPHINGOLIPID_HOMEOSTASIS",0.131804930709426,-0.0350960728889552,1.68635060567961,0.0923214633370583,0.104179265967506,-5.66107867384379
"167","GOBP_FATTY_ACID_ELONGATION",-0.0914129825630448,-0.0242985480804609,-1.63732122132796,0.10216164348134,0.114931848916508,-5.74170950612706
"326","GOBP_CHOLESTEROL_CATABOLIC_PROCESS",-0.0984317486667755,0.00577731236903748,-1.63574201984433,0.102491992151348,0.114953024631755,-5.74426743265854
"366","GOBP_POSITIVE_REGULATION_OF_TRIGLYCERIDE_METABOLIC_PROCESS",0.0807076234583759,-0.00823656101425035,1.57396436132388,0.116097145715976,0.12981771748241,-5.84241444344186
"321","HP_INCREASED_VLDL_CHOLESTEROL_CONCENTRATION",-0.105977135483825,0.00360730075875905,-1.55889055837667,0.119623919895049,0.133357179580886,-5.86579447326871
"13","GOBP_C_TERMINAL_PROTEIN_LIPIDATION",-0.0987441924083257,-0.048466166167768,-1.42528275561009,0.154668784732058,0.171905968572679,-6.06327417675708
"341","GOBP_REGULATION_OF_CHOLESTEROL_METABOLIC_PROCESS",0.063453216759518,-0.0111556091652565,1.35830156712681,0.174950482747207,0.193864048449608,-6.15567295268628
"119","GOMF_LIPID_KINASE_ACTIVITY",-0.0908783751075787,-0.0214858424328581,-1.33792029629797,0.181500736791646,0.200520275078196,-6.18291225046887
"44","GOBP_NEGATIVE_REGULATION_OF_LIPID_TRANSPORT",-0.0553790860752466,0.00419816944615064,-1.3261257340995,0.18537378838947,0.204187844524521,-6.19848869634255
"362","GOBP_CELLULAR_TRIGLYCERIDE_HOMEOSTASIS",0.0935630494514848,-0.00630549641513514,1.30293519162829,0.19316717170543,0.212138947497928,-6.22871567060848
"227","HP_HYPOLIPOPROTEINEMIA",0.052877436632015,-0.00470293358488548,1.16510553511411,0.244504548501135,0.26772159761697,-6.39742707586363
"289","GOBP_NEGATIVE_REGULATION_OF_LOW_DENSITY_LIPOPROTEIN_RECEPTOR_ACTIVITY",0.0865942082823146,0.010474037974812,1.13353660597333,0.257505523220669,0.281072116897993,-6.43343116555942
"133","GOMF_SPHINGOLIPID_TRANSPORTER_ACTIVITY",-0.0563940997677584,-0.0175988890386951,-1.1318325676318,0.25822072528027,0.281072116897993,-6.43534661491831
"157","GOBP_UNSATURATED_FATTY_ACID_BIOSYNTHETIC_PROCESS",-0.0490701033573607,-0.0149542877079772,-1.11016711866828,0.267434437741128,0.290245022136695,-6.45944996012843
"176","GOBP_LONG_CHAIN_FATTY_ACYL_COA_BIOSYNTHETIC_PROCESS",0.0561026358152685,-0.019778217781763,1.06494249474426,0.287390716338092,0.310988781022745,-6.50826921685932
"139","GOMF_PHOSPHOLIPID_TRANSFER_ACTIVITY",-0.0451694626965828,-0.0237823146099004,-0.873984235770409,0.382525816955768,0.412725223557539,-6.69210472991579
"100","GOBP_TRANS_SYNAPTIC_SIGNALING_BY_LIPID",0.0537851216814676,0.03362918234121,0.849390890106372,0.396050363553216,0.42607167391002,-6.71315697017181
"304","GOMF_LIPOPOLYSACCHARIDE_IMMUNE_RECEPTOR_ACTIVITY",0.0648774224419952,-0.00971371045078271,0.779892685507734,0.435804938197452,0.467476808705988,-6.76940868693594
"365","GOBP_REGULATION_OF_TRIGLYCERIDE_METABOLIC_PROCESS",-0.032097206145196,0.00897886532705924,-0.751913911638957,0.452439257834702,0.483913293162334,-6.7907029672721
"204","GOBP_REGULATION_OF_UNSATURATED_FATTY_ACID_BIOSYNTHETIC_PROCESS",0.0442807383765577,-0.00451407817616946,0.705622954392882,0.48073512330262,0.512691504331407,-6.82422975145743
"120","GOMF_GLYCOLIPID_MANNOSYLTRANSFERASE_ACTIVITY",0.0539363482417928,-0.0211513837311722,0.674136017074876,0.500521087795786,0.532254413246816,-6.84581991431706
"344","GOBP_NEGATIVE_REGULATION_OF_CHOLESTEROL_EFFLUX",-0.0537875271877563,-0.0108541175562506,-0.660738937705612,0.509069112981099,0.539788800833407,-6.85470780020164
"230","HP_ABNORMAL_CIRCULATING_APOLIPOPROTEIN_CONCENTRATION",-0.0525828498485197,-0.0138203177991692,-0.655295760736479,0.512563924749069,0.541937215565634,-6.85826802939435
"244","GOBP_LIPOXYGENASE_PATHWAY",0.0374314329983078,-0.00613199348754262,0.648609900548273,0.516873707988126,0.544932566421768,-6.86260082521159
"117","GOCC_PROTEIN_LIPID_COMPLEX",-0.0269810401905969,0.000224726732851329,-0.606304119208267,0.544574475408677,0.572501371583481,-6.88898868322868
"263","GOBP_LIPOPROTEIN_METABOLIC_PROCESS",-0.0206843620994637,-0.0230708777525164,-0.601207519992222,0.547960857485525,0.574424876170906,-6.89204773534679
"350","GOBP_REGULATION_OF_TRIGLYCERIDE_BIOSYNTHETIC_PROCESS",0.0305013870330006,-0.037920415667445,0.595015113017565,0.552089333076154,0.577113212195753,-6.89572980678342
"146","HP_VERY_LONG_CHAIN_FATTY_ACID_ACCUMULATION",-0.0329914363248536,-0.0108270081111894,-0.559614056301273,0.575981006585181,0.600386981440485,-6.91604867536296
"174","GOBP_LONG_CHAIN_FATTY_ACYL_COA_METABOLIC_PROCESS",0.0257827267902515,-0.0270822063065332,0.520864071969467,0.602680729822577,0.626448420576143,-6.93686301673458
"197","GOBP_REGULATION_OF_LONG_CHAIN_FATTY_ACID_IMPORT_INTO_CELL",-0.0337274568467058,-0.0264611870442997,-0.492489521889275,0.622578894143373,0.645313516682317,-6.95115835751093
"236","GOBP_REGULATION_OF_VERY_LOW_DENSITY_LIPOPROTEIN_PARTICLE_REMODELING",0.0365791564449447,0.000484334582973329,0.480133950327025,0.631331816670739,0.65255305420589,-6.95713323563649
"324","HP_ABNORMAL_LDL_CHOLESTEROL_CONCENTRATION",-0.0174075239879599,0.0099331310311963,-0.434828014078125,0.663865665992371,0.684263773048003,-6.9777443675444
"140","GOMF_SPHINGOLIPID_TRANSFER_ACTIVITY",-0.0267410644623306,-0.0142105216859191,-0.419553268678641,0.674983188862775,0.693784948998228,-6.98423358095029
"177","GOBP_REGULATION_OF_FATTY_ACID_BIOSYNTHETIC_PROCESS",-0.0152217840423875,0.0199795910695532,-0.402548434711786,0.68744404686901,0.704630148040735,-6.99118503301902
"205","GOBP_POSITIVE_REGULATION_OF_UNSATURATED_FATTY_ACID_BIOSYNTHETIC_PROCESS",-0.0285975358910377,0.00317266616563038,-0.384558148063698,0.700720285036984,0.716248712406224,-6.99822646382014
"251","GOBP_LOW_DENSITY_LIPOPROTEIN_RECEPTOR_PARTICLE_METABOLIC_PROCESS",-0.0230441062337262,-0.0424753069989527,-0.366508843995644,0.71413284171798,0.727942040314736,-7.0049677062994
"221","HP_FINGERPRINT_INTRACELLULAR_ACCUMULATION_OF_AUTOFLUORESCENT_LIPOPIGMENT_STORAGE_MATERIAL",0.0264340761758662,-0.0156756606222601,0.332976836610182,0.739284485720001,0.749877026811242,-7.01663189619482
"160","GOBP_REGULATION_OF_LONG_CHAIN_FATTY_ACID_IMPORT_ACROSS_PLASMA_MEMBRANE",0.0235786601182726,-0.0258122358372422,0.332404790038264,0.739716091488596,0.749877026811242,-7.01682118646985
"274","GOBP_RESPONSE_TO_LIPOTEICHOIC_ACID",0.0158301310086161,-0.00164784899361443,0.2344405760958,0.814734217951458,0.823662812120789,-7.04443849920293
"302","GOCC_LIPOPOLYSACCHARIDE_RECEPTOR_COMPLEX",-0.0171615650505309,-0.0117535437603965,-0.216912910841534,0.82836034903446,0.835150187960972,-7.04837324438122
"6","HP_LIPID_ACCUMULATION_IN_HEPATOCYTES",0.00908861501008321,-0.00366778086978921,0.205061196442538,0.837603667681641,0.842168265325683,-7.05086065846736
"78","GOBP_NEGATIVE_REGULATION_OF_LIPID_BIOSYNTHETIC_PROCESS",-0.0046721639040478,-0.00333099698881904,-0.125407878321379,0.900248582834715,0.902694910505462,-7.06395334685744
"297","GOCC_INTERMEDIATE_DENSITY_LIPOPROTEIN_PARTICLE",0.000981791505708144,-0.00696851704341535,0.0120399012453299,0.990398347332343,0.990398347332343,-7.07170402473217
